{
  "BM25 Only": {
    "recall@1": 0.95,
    "recall@3": 1.0,
    "recall@5": 1.0,
    "mrr": 1.0,
    "ndcg@5": 0.9919720789148186
  },
  "Vector Only": {
    "recall@1": 0.95,
    "recall@3": 1.0,
    "recall@5": 1.0,
    "mrr": 1.0,
    "ndcg@5": 0.9919720789148186
  },
  "Hybrid": {
    "recall@1": 0.95,
    "recall@3": 1.0,
    "recall@5": 1.0,
    "mrr": 1.0,
    "ndcg@5": 0.9919720789148186
  }
}